seller_id,seller_name,category,gmv_last_30d,gmv_last_60d,gmv_last_90d,orders_last_30d,gmv_cur_month,gmv_prev_month,gmv_mom_change_pct
MNT-0017,Delhi Footwear Collection,Footwear,412318.23,774455.43,1169299.65,95,412318.23,369538.91,11.6
MNT-0075,Kolkata Ethnic Studio,Ethnic Wear,365943.08,678122.87,1034769.25,85,365943.08,336296.88,8.8
MNT-0035,Mumbai Footwear Hub,Footwear,343301.75,651355.91,991773.64,83,343301.75,337794.94,1.6
MNT-0098,Bengaluru Ethnic Emporium,Ethnic Wear,334779.68,658870.88,892190.65,80,334779.68,333280.57,0.4
MNT-0243,Kolkata Ethnic Collection,Ethnic Wear,327407.08,627442.61,933835.09,72,327407.08,306453.42,6.8
MNT-0261,Chennai Ethnic Trends,Ethnic Wear,324170.37,603024.71,783228.01,80,324170.37,284897.91,13.8
MNT-0187,Delhi Footwear Bazaar,Footwear,315359.36,558363.08,806339.54,73,315359.36,270530.08,16.6
MNT-0399,Mumbai Footwear Bazaar,Footwear,310252.02,667095.23,995622.81,78,310252.02,362316.7,-14.4
MNT-0128,Mumbai Ethnic Studio,Ethnic Wear,306655.11,548058.62,823778.22,84,306655.11,241403.51,27.0
MNT-0022,Delhi Footwear Studio,Footwear,301094.25,529165.88,763772.89,62,301094.25,235538.7,27.8
MNT-0268,Mumbai Ethnic Studio,Ethnic Wear,292492.43,555269.59,770383.04,81,292492.43,267034.24,9.5
MNT-0069,Delhi Ethnic Bazaar,Ethnic Wear,289029.24,513948.27,699253.62,69,289029.24,229714.2,25.8
MNT-0153,Chennai Ethnic Emporium,Ethnic Wear,285401.63,469928.51,614560.82,70,285401.63,188523.97,51.4
MNT-0091,Surat Ethnic Hub,Ethnic Wear,284743.66,551864.0,774379.6,73,284743.66,272916.96,4.3
MNT-0067,Kolkata Footwear Studio,Footwear,282291.52,561064.11,772445.33,70,282291.52,278772.59,1.3
MNT-0490,Kolkata Footwear Bazaar,Footwear,278557.91,544661.88,799008.27,67,278557.91,275585.99,1.1
MNT-0496,Delhi Footwear House,Footwear,272861.41,442730.08,594394.5,56,272861.41,169868.67,60.6
MNT-0124,Bengaluru Footwear Mart,Footwear,269871.19,603051.05,847698.35,63,269871.19,333179.86,-19.0
MNT-0145,Bengaluru Footwear Bazaar,Footwear,262807.49,502589.88,722925.87,55,262807.49,244777.64,7.4
MNT-0062,Delhi Footwear Mart,Footwear,259059.87,454562.12,642627.54,62,259059.87,210031.65,23.3
MNT-0401,Bengaluru Ethnic Trends,Ethnic Wear,257961.37,391121.52,561412.72,47,257961.37,143233.27,80.1
MNT-0444,Delhi Ethnic House,Ethnic Wear,254955.1,441529.25,688716.42,57,254955.1,186574.15,36.7
MNT-0193,Mumbai Ethnic Bazaar,Ethnic Wear,253057.08,407193.84,631624.65,59,253057.08,154136.76,64.2
MNT-0319,Bengaluru Ethnic Emporium,Ethnic Wear,251139.37,426128.81,648361.0,61,251139.37,178163.03,41.0
MNT-0309,Bengaluru Ethnic Bazaar,Ethnic Wear,250771.62,479124.0,676903.44,63,250771.62,235145.24,6.6
MNT-0487,Delhi Footwear House,Footwear,248391.73,485383.22000000003,688584.99,46,248391.73,242353.53,2.5
MNT-0335,Chennai Ethnic Mart,Ethnic Wear,242255.42,496877.84,693949.83,59,242255.42,254622.42,-4.9
MNT-0031,Chennai Western Mart,Western Wear,241366.11,431157.16,614921.44,69,241366.11,194928.21,23.8
MNT-0058,Bengaluru Footwear Studio,Footwear,241328.86,561970.67,778685.64,60,241328.86,320641.81,-24.7
MNT-0438,Mumbai Footwear Studio,Footwear,240201.18,513313.82,757896.2,53,240201.18,277245.02,-13.4
MNT-0020,Kolkata Western Collection,Western Wear,235316.64,463983.04,673466.25,76,235316.64,240206.67,-2.0
MNT-0169,Delhi Ethnic Hub,Ethnic Wear,234107.55000000002,411369.13,586571.59,60,234107.55000000002,184737.74,26.7
MNT-0154,Mumbai Footwear Mart,Footwear,234033.58,448444.92,637862.4,51,234033.58,222346.82,5.3
MNT-0422,Kolkata Ethnic Emporium,Ethnic Wear,232414.1,464962.75,716546.89,61,232414.1,238671.84,-2.6
MNT-0172,Bengaluru Footwear Studio,Footwear,232269.63,430453.02999999997,671481.84,53,232269.63,211324.25,9.9
MNT-0093,Delhi Footwear Emporium,Footwear,231397.31,414929.16,585268.03,57,231397.31,183531.85,26.1
MNT-0050,Delhi Ethnic Studio,Ethnic Wear,229528.92,459377.61,607225.4,56,229528.92,232152.73,-1.1
MNT-0171,Mumbai Ethnic Trends,Ethnic Wear,227139.82,478880.38,666772.99,56,227139.82,273178.79,-16.9
MNT-0379,Bengaluru Footwear Hub,Footwear,226829.88,430275.62,689523.98,52,226829.88,219047.41,3.6
MNT-0284,Bengaluru Ethnic Emporium,Ethnic Wear,223747.25,349562.17,534365.81,49,223747.25,126915.63,76.3
MNT-0440,Mumbai Western Trends,Western Wear,222986.82,474988.52,627104.84,70,222986.82,258882.15,-13.9
MNT-0500,Delhi Footwear Hub,Footwear,221569.91,493485.05,754665.37,52,221569.91,279930.27,-20.8
MNT-0485,Mumbai Ethnic Bazaar,Ethnic Wear,220561.7,449481.47,722021.97,56,220561.7,228919.77,-3.7
MNT-0009,Bengaluru Ethnic Emporium,Ethnic Wear,220304.18,462979.95,619624.83,52,220304.18,252798.51,-12.9
MNT-0120,Mumbai Western Studio,Western Wear,218724.67,397392.49,546378.3,72,218724.67,188163.44,16.2
MNT-0027,Surat Footwear Mart,Footwear,218395.39,496975.27,680012.06,50,218395.39,283369.91,-22.9
MNT-0386,Delhi Sports Hub,Sports,217601.86000000002,359550.46,530031.91,65,217601.86000000002,143746.23,51.4
MNT-0264,Mumbai Ethnic Mart,Ethnic Wear,217486.23,406506.93,601992.54,56,217486.23,202549.21,7.4
MNT-0174,Chennai Sports Emporium,Sports,217204.48,407215.05,599958.79,75,217204.48,193591.81,12.2
MNT-0142,Kolkata Footwear Hub,Footwear,217116.06,400484.71,638776.81,51,217116.06,191307.96,13.5
MNT-0353,Kolkata Footwear Studio,Footwear,215745.07,424846.19,592346.29,55,215745.07,209101.12,3.2
MNT-0047,Delhi Footwear Collection,Footwear,213625.18,425808.6,563554.95,43,213625.18,221581.95,-3.6
MNT-0483,Chennai Western House,Western Wear,213024.13,351126.44,521070.04,64,213024.13,140749.73,51.3
MNT-0089,Mumbai Ethnic Bazaar,Ethnic Wear,212168.32,397337.62,582864.59,56,212168.32,188832.17,12.4
MNT-0237,Mumbai Footwear House,Footwear,211592.78,274179.47,383756.94,45,211592.78,62586.69,238.1
MNT-0079,Kolkata Footwear Bazaar,Footwear,210562.69,348550.42,431338.91,46,210562.69,145875.79,44.3
MNT-0028,Surat Ethnic Hub,Ethnic Wear,209966.38,320018.27,516785.89,44,209966.38,114670.48,83.1
MNT-0160,Delhi Western Bazaar,Western Wear,207243.65,381309.07,612285.52,64,207243.65,178918.34,15.8
MNT-0322,Bengaluru Footwear Trends,Footwear,207121.15,404388.65,628402.92,55,207121.15,205320.41,0.9
MNT-0164,Mumbai Ethnic Hub,Ethnic Wear,206657.86,378555.01,525325.72,54,206657.86,185413.62,11.5
MNT-0033,Delhi Ethnic Trends,Ethnic Wear,206293.93,388304.45,528496.04,48,206293.93,195591.95,5.5
MNT-0040,Kolkata Western Collection,Western Wear,204969.13999999998,411083.48,592416.45,60,204969.13999999998,209965.6,-2.4
MNT-0366,Surat Footwear Trends,Footwear,203569.55,329070.74,431313.13,51,203569.55,125501.19,62.2
MNT-0332,Bengaluru Ethnic Emporium,Ethnic Wear,202897.38,347793.13,487273.96,49,202897.38,151483.67,33.9
MNT-0184,Delhi Ethnic Studio,Ethnic Wear,202214.31,362754.83,496254.79,56,202214.31,160540.52,26.0
MNT-0476,Bengaluru Ethnic Collection,Ethnic Wear,201642.07,338524.79,465542.76,52,201642.07,144219.88,39.8
MNT-0112,Chennai Ethnic Studio,Ethnic Wear,201523.28,383143.62,582884.28,48,201523.28,192687.91,4.6
MNT-0038,Mumbai Footwear Trends,Footwear,201047.57,398285.18,515487.17,44,201047.57,197237.61,1.9
MNT-0277,Bengaluru Ethnic House,Ethnic Wear,200194.94,402326.99,532335.7,48,200194.94,214059.03,-6.5
MNT-0292,Delhi Ethnic Bazaar,Ethnic Wear,198194.4,371280.14,502600.44,56,198194.4,189320.3,4.7
MNT-0471,Delhi Footwear Hub,Footwear,198041.73,377621.42,562526.88,45,198041.73,183239.7,8.1
MNT-0400,Bengaluru Footwear Studio,Footwear,197994.09,432490.77999999997,738811.71,54,197994.09,246728.51,-19.8
MNT-0099,Surat Ethnic Emporium,Ethnic Wear,197952.26,318055.06,397776.44,44,197952.26,120102.8,64.8
MNT-0205,Delhi Ethnic Collection,Ethnic Wear,197890.06,300828.85,462855.9,49,197890.06,109799.09,80.2
MNT-0269,Mumbai Ethnic Trends,Ethnic Wear,196926.12,373986.48,618775.3,60,196926.12,185167.93,6.4
MNT-0229,Delhi Western Bazaar,Western Wear,196580.19,427333.19,688698.28,70,196580.19,237718.59,-17.3
MNT-0475,Delhi Ethnic Trends,Ethnic Wear,196094.7,377364.06,730460.46,45,196094.7,187246.82,4.7
MNT-0308,Mumbai Western House,Western Wear,194738.01,399012.25,610505.68,62,194738.01,204274.24,-4.7
MNT-0316,Surat Ethnic Trends,Ethnic Wear,192860.93,386983.48,516993.21,49,192860.93,204540.19,-5.7
MNT-0227,Delhi Ethnic Hub,Ethnic Wear,192165.45,353062.97,481833.56,54,192165.45,175396.77,9.6
MNT-0011,Mumbai Footwear Collection,Footwear,191602.79,418197.89,578045.06,53,191602.79,226595.1,-15.4
MNT-0122,Bengaluru Western Hub,Western Wear,190950.39,370928.9,551659.44,63,190950.39,182970.83,4.4
MNT-0249,Kolkata Footwear House,Footwear,190704.55,427138.86,613796.05,48,190704.55,241295.86000000002,-21.0
MNT-0102,Kolkata Western Studio,Western Wear,189811.86000000002,320998.12,454447.78,63,189811.86000000002,136726.77,38.8
MNT-0090,Mumbai Footwear Trends,Footwear,189776.13,403577.27,574904.02,48,189776.13,229636.69,-17.4
MNT-0113,Surat Ethnic Hub,Ethnic Wear,189008.46,289232.41,420336.06,47,189008.46,108578.52,74.1
MNT-0384,Bengaluru Footwear Collection,Footwear,188270.41999999998,385875.09,567993.16,40,188270.41999999998,204965.44,-8.1
MNT-0015,Delhi Footwear Studio,Footwear,187973.99,300747.46,459949.99,41,187973.99,113331.3,65.9
MNT-0477,Bengaluru Footwear Mart,Footwear,186375.72,324602.92,453712.8,44,186375.72,138227.2,34.8
MNT-0374,Delhi Ethnic Collection,Ethnic Wear,185855.6,299807.25,437033.82,44,185855.6,123174.52,50.9
MNT-0473,Mumbai Ethnic Collection,Ethnic Wear,183980.82,376127.17,527363.87,45,183980.82,204646.19,-10.1
MNT-0103,Surat Ethnic House,Ethnic Wear,182156.03,405090.36,595371.88,49,182156.03,235680.33,-22.7
MNT-0303,Surat Footwear Mart,Footwear,182150.28,443230.22,698215.85,51,182150.28,276571.89,-34.1
MNT-0189,Chennai Western Collection,Western Wear,181458.44,306935.81,418505.19,53,181458.44,125477.37,44.6
MNT-0162,Surat Sports House,Sports,180975.53,356673.69,524320.09,63,180975.53,187869.11,-3.7
MNT-0147,Mumbai Ethnic House,Ethnic Wear,179373.06,338947.76,470512.32,48,179373.06,162658.01,10.3
MNT-0197,Chennai Western Bazaar,Western Wear,178488.53,322362.85,480393.02999999997,60,178488.53,147555.42,21.0
MNT-0339,Delhi Ethnic Trends,Ethnic Wear,177740.57,371790.37,549739.9,46,177740.57,207957.19,-14.5
MNT-0285,Surat Western Studio,Western Wear,177622.54,272977.19,407639.02,54,177622.54,99546.96,78.4
MNT-0161,Delhi Ethnic Emporium,Ethnic Wear,174522.57,360442.69,565422.4,49,174522.57,192646.53,-9.4
MNT-0266,Mumbai Ethnic Trends,Ethnic Wear,174519.51,358827.32,560635.16,49,174519.51,196000.92,-11.0
MNT-0221,Bengaluru Ethnic Hub,Ethnic Wear,173668.61,344818.18,523687.69,48,173668.61,188977.95,-8.1
MNT-0183,Mumbai Footwear Mart,Footwear,173097.47,302893.44,415081.98,44,173097.47,129795.97,33.4
MNT-0435,Kolkata Ethnic Collection,Ethnic Wear,172408.84,324534.84,429665.64,47,172408.84,152126.0,13.3
MNT-0360,Bengaluru Western House,Western Wear,172158.73,332787.24,482643.39,57,172158.73,161967.29,6.3
MNT-0224,Surat Sports Collection,Sports,171956.59,322108.25,478824.1,56,171956.59,153149.51,12.3
MNT-0127,Kolkata Ethnic Bazaar,Ethnic Wear,171709.43,378800.02,606798.27,56,171709.43,211794.04,-18.9
MNT-0365,Mumbai Western Emporium,Western Wear,170728.9,337990.87,545556.6,51,170728.9,173118.72,-1.4
MNT-0239,Delhi Ethnic Collection,Ethnic Wear,169874.16,309524.31,447613.91,43,169874.16,144125.77,17.9
MNT-0336,Bengaluru Western Mart,Western Wear,169721.4,309506.75,395419.95,53,169721.4,143951.02,17.9
MNT-0388,Mumbai Sports Hub,Sports,169494.3,316207.95,465344.43,58,169494.3,150170.32,12.9
MNT-0129,Bengaluru Ethnic Trends,Ethnic Wear,168917.69,363721.75,514025.64,49,168917.69,196453.83,-14.0
MNT-0484,Bengaluru Ethnic Bazaar,Ethnic Wear,167669.22,336394.21,523762.56,44,167669.22,180439.17,-7.1
MNT-0454,Mumbai Ethnic Collection,Ethnic Wear,167279.75,298337.2,416527.64,38,167279.75,131057.45,27.6
MNT-0463,Mumbai Sports Collection,Sports,166972.3,299845.02,419257.58,54,166972.3,134333.09,24.3
MNT-0078,Bengaluru Western Collection,Western Wear,166406.08,284935.65,410795.18,54,166406.08,122150.7,36.2
MNT-0070,Bengaluru Footwear Collection,Footwear,166156.5,383729.58,538724.41,47,166156.5,217573.08,-23.6
MNT-0016,Mumbai Ethnic Bazaar,Ethnic Wear,165732.99,300860.02,408538.03,42,165732.99,141498.8,17.1
MNT-0481,Surat Footwear Studio,Footwear,164931.0,355126.21,478768.81,39,164931.0,194984.43,-15.4
MNT-0273,Bengaluru Ethnic Bazaar,Ethnic Wear,164719.03,274389.01,360804.47,40,164719.03,112014.71,47.1
MNT-0350,Surat Ethnic Mart,Ethnic Wear,163328.76,306345.6,412195.66,36,163328.76,143016.84,14.2
MNT-0442,Kolkata Ethnic Trends,Ethnic Wear,161689.65,398685.1,531034.03,41,161689.65,236995.45,-31.8
MNT-0021,Kolkata Western Bazaar,Western Wear,161585.68,284753.19,389146.0,50,161585.68,125351.01,28.9
MNT-0217,Bengaluru Ethnic Collection,Ethnic Wear,161562.5,362910.61,556143.51,52,161562.5,212666.43,-24.0
MNT-0482,Kolkata Ethnic Emporium,Ethnic Wear,161165.55000000002,318447.85,504478.47000000003,40,161165.55000000002,160634.33,0.3
MNT-0465,Surat Western Collection,Western Wear,159096.66,322701.52,475439.2,51,159096.66,166340.79,-4.4
MNT-0429,Bengaluru Ethnic Emporium,Ethnic Wear,158698.48,325487.72,461195.04,40,158698.48,168568.21,-5.9
MNT-0088,Delhi Footwear Studio,Footwear,158397.6,334516.82,505352.41,40,158397.6,176119.22,-10.1
MNT-0258,Surat Ethnic Studio,Ethnic Wear,157264.84,290115.9,436305.91,42,157264.84,134914.91,16.6
MNT-0232,Mumbai Footwear Trends,Footwear,156778.5,403341.62,646867.4,49,156778.5,246563.12,-36.4
MNT-0457,Kolkata Sports Emporium,Sports,155628.98,300708.4,440822.02999999997,47,155628.98,150930.64,3.1
MNT-0060,Bengaluru Ethnic Collection,Ethnic Wear,154604.06,347318.13,496032.96,41,154604.06,200980.51,-23.1
MNT-0344,Delhi Western Studio,Western Wear,154349.83,299963.54,400868.27,47,154349.83,145613.71,6.0
MNT-0394,Mumbai Western House,Western Wear,153661.5,253585.75,359857.17,51,153661.5,103484.32,48.5
MNT-0282,Surat Ethnic Bazaar,Ethnic Wear,153409.42,276136.48,419453.76,42,153409.42,135697.0,13.1
MNT-0222,Delhi Footwear House,Footwear,153160.17,299877.92,434164.28,39,153160.17,164430.2,-6.9
MNT-0216,Mumbai Western Collection,Western Wear,150920.02,351011.15,491599.69,49,150920.02,202031.6,-25.3
MNT-0317,Surat Footwear Trends,Footwear,149444.69,287435.01,406031.13,35,149444.69,139838.91999999998,6.9
MNT-0131,Surat Ethnic Studio,Ethnic Wear,149272.77,276430.46,417193.61,37,149272.77,131282.86000000002,13.7
MNT-0493,Kolkata Western Hub,Western Wear,149028.39,262781.04,344825.09,42,149028.39,116493.25,27.9
MNT-0486,Surat Footwear Bazaar,Footwear,148639.01,318950.02,464399.55,37,148639.01,171905.38,-13.5
MNT-0288,Delhi Footwear Emporium,Footwear,148154.37,334068.93,607177.83,38,148154.37,211372.63,-29.9
MNT-0455,Surat Ethnic Emporium,Ethnic Wear,147813.73,247835.99,334030.22,32,147813.73,108593.82,36.1
MNT-0208,Kolkata Western Emporium,Western Wear,147380.1,272660.51,415514.35,46,147380.1,131754.13,11.9
MNT-0361,Chennai Sports Studio,Sports,146250.98,266462.28,395585.55,44,146250.98,125539.11,16.5
MNT-0106,Kolkata Western Bazaar,Western Wear,145895.19,257051.01,356136.84,41,145895.19,117171.93,24.5
MNT-0283,Delhi Ethnic Bazaar,Ethnic Wear,145769.42,226220.78,345660.96,33,145769.42,89785.22,62.4
MNT-0094,Bengaluru Footwear House,Footwear,144261.94,240846.1,333807.58,31,144261.94,96584.16,49.4
MNT-0059,Bengaluru Ethnic Collection,Ethnic Wear,142995.96,350770.54,471560.67,35,142995.96,210831.44,-32.2
MNT-0039,Mumbai Ethnic Hub,Ethnic Wear,142378.42,323335.49,470203.42,36,142378.42,193344.91,-26.4
MNT-0084,Delhi Ethnic Studio,Ethnic Wear,142196.07,260386.73,453316.89,36,142196.07,134399.52,5.8
MNT-0413,Surat Ethnic Hub,Ethnic Wear,142192.01,322705.13,495258.08,35,142192.01,194395.94,-26.9
MNT-0371,Chennai Western Trends,Western Wear,142147.06,271965.57,414099.47,42,142147.06,134042.41,6.0
MNT-0175,Bengaluru Ethnic House,Ethnic Wear,141970.74,194818.65,322718.81,34,141970.74,56311.29,152.1
MNT-0200,Delhi Ethnic House,Ethnic Wear,140901.55,242109.63,360659.7,33,140901.55,110727.78,27.3
MNT-0272,Bengaluru Ethnic Bazaar,Ethnic Wear,140447.18,316124.65,447480.24,34,140447.18,189220.61,-25.8
MNT-0304,Bengaluru Footwear Hub,Footwear,139418.73,253838.84,406811.61,29,139418.73,118883.79,17.3
MNT-0082,Bengaluru Footwear Trends,Footwear,139238.37,272637.95,422018.41,37,139238.37,134827.37,3.3
MNT-0402,Delhi Sports Mart,Sports,138868.89,263931.45,439092.56,47,138868.89,125062.56,11.0
MNT-0186,Delhi Western Bazaar,Western Wear,138394.05,219244.86,336272.15,35,138394.05,95546.86,44.8
MNT-0355,Mumbai Footwear Bazaar,Footwear,138092.37,296623.62,508205.04,37,138092.37,163990.04,-15.8
MNT-0196,Bengaluru Ethnic Emporium,Ethnic Wear,137879.36,278840.77,435508.16,33,137879.36,153248.87,-10.0
MNT-0176,Delhi Ethnic Emporium,Ethnic Wear,137774.66,272177.55,384549.42,36,137774.66,144837.94,-4.9
MNT-0330,Delhi Ethnic House,Ethnic Wear,137071.79,251210.38,328691.64,36,137071.79,116256.58,17.9
MNT-0427,Mumbai Ethnic House,Ethnic Wear,136837.22,255804.76,369790.52999999997,38,136837.22,120968.44,13.1
MNT-0063,Kolkata Footwear House,Footwear,136721.61,235110.86,388294.06,36,136721.61,101222.47,35.1
MNT-0107,Kolkata Footwear Emporium,Footwear,136624.7,244965.89,427122.09,31,136624.7,112444.85,21.5
MNT-0207,Kolkata Ethnic House,Ethnic Wear,136392.57,276907.26,433670.15,36,136392.57,140514.69,-2.9
MNT-0245,Bengaluru Western Studio,Western Wear,135794.01,251600.18,366988.23,43,135794.01,124142.02,9.4
MNT-0419,Delhi Ethnic Bazaar,Ethnic Wear,135514.4,290069.81,437549.09,35,135514.4,161392.58,-16.0
MNT-0111,Bengaluru Footwear Bazaar,Footwear,135461.41,274554.72000000003,445346.39,36,135461.41,146893.02,-7.8
MNT-0389,Mumbai Ethnic Hub,Ethnic Wear,135058.44,242682.25,338323.83,34,135058.44,116550.68000000001,15.9
MNT-0081,Bengaluru Western Emporium,Western Wear,134379.93,211548.73,328097.22,40,134379.93,85067.91,58.0
MNT-0276,Kolkata Footwear Collection,Footwear,134303.38,224664.8,299733.64,33,134303.38,92943.88,44.5
MNT-0341,Mumbai Ethnic Collection,Ethnic Wear,133822.49,309160.84,464318.58,36,133822.49,186874.85,-28.4
MNT-0354,Surat Western Collection,Western Wear,133601.75,226000.13,377845.26,40,133601.75,92398.38,44.6
MNT-0143,Mumbai Sports Hub,Sports,133507.58,254198.32,358901.86,45,133507.58,137081.95,-2.6
MNT-0328,Mumbai Footwear House,Footwear,133373.2,301051.71,387951.71,44,133373.2,167678.51,-20.5
MNT-0210,Bengaluru Footwear House,Footwear,133276.3,300089.64,444074.64,29,133276.3,179518.02,-25.8
MNT-0254,Bengaluru Ethnic Mart,Ethnic Wear,133034.2,272662.24,376548.5,38,133034.2,139628.04,-4.7
MNT-0155,Kolkata Ethnic Studio,Ethnic Wear,132798.11000000002,240772.53,357075.51,36,132798.11000000002,112716.6,17.8
MNT-0431,Delhi Sports House,Sports,131465.74,254702.89,390056.02,42,131465.74,123237.15,6.7
MNT-0125,Surat Ethnic Studio,Ethnic Wear,131033.22,261825.58,333537.29,33,131033.22,136177.04,-3.8
MNT-0166,Chennai Footwear Hub,Footwear,129396.85,247645.35,320196.34,27,129396.85,118248.5,9.4
MNT-0411,Kolkata Western Mart,Western Wear,128243.79,191075.16,284512.06,43,128243.79,66289.38,93.5
MNT-0055,Mumbai Western Studio,Western Wear,127775.02,228072.79,335138.41,46,127775.02,104317.3,22.5
MNT-0314,Bengaluru Footwear Trends,Footwear,127068.22,291100.41,425711.29,31,127068.22,176539.95,-28.0
MNT-0192,Surat Ethnic Collection,Ethnic Wear,126844.06,238053.42,371087.44,32,126844.06,111209.36,14.1
MNT-0132,Kolkata Sports Hub,Sports,126561.56,267724.44,385115.91,37,126561.56,145464.79,-13.0
MNT-0005,Bengaluru Ethnic Emporium,Ethnic Wear,126434.71,236757.6,293187.44,33,126434.71,110322.89,14.6
MNT-0054,Surat Western Hub,Western Wear,125993.6,210498.73,297523.55,39,125993.6,90572.69,39.1
MNT-0424,Bengaluru Ethnic Emporium,Ethnic Wear,124932.89,308065.5,415826.16,33,124932.89,192996.68,-35.3
MNT-0497,Bengaluru Footwear Emporium,Footwear,124384.02,231061.59,347211.07,29,124384.02,106677.56999999999,16.6
MNT-0349,Mumbai Western House,Western Wear,123884.32,217071.61,318694.97000000003,36,123884.32,99587.74,24.4
MNT-0235,Mumbai Sports Mart,Sports,123465.97,196531.11,278368.59,38,123465.97,73065.14,69.0
MNT-0373,Surat Footwear Trends,Footwear,122803.22,192872.16,286380.52999999997,27,122803.22,70068.94,75.3
MNT-0212,Chennai Western Emporium,Western Wear,122780.69,244769.76,389405.95,44,122780.69,127216.74,-3.5
MNT-0393,Delhi Western Mart,Western Wear,122190.99,236444.17,327306.38,40,122190.99,118266.49,3.3
MNT-0376,Surat Ethnic Hub,Ethnic Wear,121944.59,215115.25,357923.51,30,121944.59,97144.31,25.5
MNT-0415,Surat Ethnic Bazaar,Ethnic Wear,120919.59,188348.11,256909.75,29,120919.59,67428.52,79.3
MNT-0231,Delhi Ethnic Studio,Ethnic Wear,120706.67,228380.22,353340.31,29,120706.67,107673.55,12.1
MNT-0029,Kolkata Ethnic Mart,Ethnic Wear,119646.73,297741.71,452071.56,31,119646.73,184956.11,-35.3
MNT-0140,Kolkata Ethnic Collection,Ethnic Wear,118971.1,256013.73,426852.37,25,118971.1,137042.63,-13.2
MNT-0004,Bengaluru Western Collection,Western Wear,118950.05,207628.24,305488.25,37,118950.05,94655.78,25.7
MNT-0290,Bengaluru Ethnic Collection,Ethnic Wear,118442.83,213539.5,266842.7,29,118442.83,95096.67,24.5
MNT-0195,Surat Ethnic Studio,Ethnic Wear,117751.42,200050.79,271206.56,29,117751.42,82299.37,43.1
MNT-0076,Bengaluru Ethnic Collection,Ethnic Wear,116621.78,215868.29,324477.48,33,116621.78,100278.92,16.3
MNT-0296,Delhi Sports Emporium,Sports,116281.4,192497.77,307992.55,34,116281.4,79870.65,45.6
MNT-0433,Delhi Western House,Western Wear,116224.77,234216.61,329200.41,39,116224.77,117991.84,-1.5
MNT-0163,Mumbai Ethnic Collection,Ethnic Wear,115603.71,294737.22000000003,420813.82,31,115603.71,179961.26,-35.8
MNT-0109,Chennai Ethnic Bazaar,Ethnic Wear,115338.76,215525.86000000002,331968.9,28,115338.76,104597.76,10.3
MNT-0417,Mumbai Ethnic Mart,Ethnic Wear,115143.44,220252.17,306101.98,22,115143.44,105108.73,9.5
MNT-0204,Kolkata Ethnic Bazaar,Ethnic Wear,114444.78,225213.26,325666.83,31,114444.78,110768.48,3.3
MNT-0002,Surat Footwear Trends,Footwear,114326.90000000001,176273.44,291638.96,29,114326.90000000001,61946.54,84.6
MNT-0324,Chennai Footwear Studio,Footwear,112783.01,280636.58,417267.21,27,112783.01,170725.09,-33.9
MNT-0281,Delhi Ethnic Emporium,Ethnic Wear,112587.87,219638.88,342415.46,29,112587.87,107051.01,5.2
MNT-0499,Surat Footwear Trends,Footwear,112573.88,218113.7,306613.97,30,112573.88,121628.79,-7.4
MNT-0449,Kolkata Ethnic Emporium,Ethnic Wear,112543.34,219808.98,310311.69,32,112543.34,107265.64,4.9
MNT-0032,Chennai Sports House,Sports,112514.58,257909.79,404938.19,49,112514.58,146438.32,-23.2
MNT-0159,Bengaluru Western Emporium,Western Wear,112272.56,261068.54,418308.26,44,112272.56,156276.26,-28.2
MNT-0041,Surat Footwear Bazaar,Footwear,111342.6,197056.45,282271.58,27,111342.6,85713.85,29.9
MNT-0049,Chennai Western Emporium,Western Wear,110926.52,247631.74,406995.01,38,110926.52,146111.52,-24.1
MNT-0286,Delhi Footwear Emporium,Footwear,110891.65,234780.98,343697.78,26,110891.65,135627.14,-18.2
MNT-0228,Mumbai Footwear Hub,Footwear,110184.58,167219.88,293481.65,30,110184.58,62634.99,75.9
MNT-0307,Chennai Footwear Bazaar,Footwear,109132.46,288681.23,423564.81,31,109132.46,190923.13,-42.8
MNT-0036,Mumbai Ethnic Emporium,Ethnic Wear,108988.83,283293.85,430300.27,26,108988.83,180908.32,-39.8
MNT-0157,Kolkata Ethnic Collection,Ethnic Wear,108966.79,236085.56,331800.81,26,108966.79,127118.77,-14.3
MNT-0439,Surat Western Emporium,Western Wear,108810.15,284356.11,371461.77999999997,40,108810.15,178394.64,-39.0
MNT-0177,Surat Footwear Trends,Footwear,107483.36,166163.18,212641.61,22,107483.36,61319.66,75.3
MNT-0498,Mumbai Western Hub,Western Wear,107304.34,179744.4,322949.34,35,107304.34,83032.69,29.2
MNT-0340,Bengaluru Sports Trends,Sports,106881.2,180798.87,270091.91,38,106881.2,77186.2,38.5
MNT-0437,Surat Ethnic Studio,Ethnic Wear,106772.83,195501.99,264074.46,29,106772.83,93082.7,14.7
MNT-0318,Bengaluru Western Collection,Western Wear,106751.26,235538.98,324014.51,29,106751.26,128787.72,-17.1
MNT-0391,Delhi Western Collection,Western Wear,105829.29,198461.86,294454.01,35,105829.29,92632.56999999999,14.2
MNT-0382,Bengaluru Sports Collection,Sports,105449.26,213326.59,303870.75,34,105449.26,110499.03,-4.6
MNT-0362,Chennai Ethnic Emporium,Ethnic Wear,105373.78,189344.7,260456.88,27,105373.78,90935.65,15.9
MNT-0097,Chennai Footwear Hub,Footwear,104939.71,261254.13,423165.11,24,104939.71,156314.42,-32.9
MNT-0030,Delhi Western Bazaar,Western Wear,104802.31999999999,204805.38999999998,284793.16,32,104802.31999999999,100003.07,4.8
MNT-0464,Mumbai Ethnic Mart,Ethnic Wear,104264.04000000001,148215.43,252551.78,28,104264.04000000001,62968.04,65.6
MNT-0121,Kolkata Western Emporium,Western Wear,103612.74,200589.01,306806.37,34,103612.74,105460.43,-1.8
MNT-0315,Mumbai Footwear House,Footwear,103298.42,178701.79,252536.57,23,103298.42,75403.37,37.0
MNT-0136,Mumbai Ethnic Studio,Ethnic Wear,103252.63,167228.44,298475.68,26,103252.63,71711.89,44.0
MNT-0356,Bengaluru Footwear Bazaar,Footwear,103133.17,234691.7,347263.25,33,103133.17,131558.53,-21.6
MNT-0443,Mumbai Western Trends,Western Wear,102674.15,195760.08,300016.22,30,102674.15,97248.66,5.6
MNT-0313,Surat Ethnic Mart,Ethnic Wear,101348.89,206051.96,301432.12,21,101348.89,104703.07,-3.2
MNT-0426,Delhi Accessories Mart,Accessories,101207.43000000001,192724.17,270091.72,81,101207.43000000001,92556.08,9.3
MNT-0247,Delhi Western Mart,Western Wear,100640.6,163488.06,276778.48,31,100640.6,71756.47,40.3
MNT-0456,Surat Ethnic Collection,Ethnic Wear,100553.47,197666.66,315033.86,28,100553.47,101163.6,-0.6
MNT-0149,Chennai Footwear Emporium,Footwear,98328.66,237341.94,341921.46,25,98328.66,139013.28,-29.3
MNT-0395,Chennai Ethnic Collection,Ethnic Wear,97414.26,214646.16,292341.01,28,97414.26,121927.95,-20.1
MNT-0468,Mumbai Sports Studio,Sports,96808.3,188291.69,255402.7,35,96808.3,91483.39,5.8
MNT-0191,Delhi Sports Bazaar,Sports,96348.98,193717.23,304115.66,38,96348.98,100452.47,-4.1
MNT-0294,Mumbai Ethnic Studio,Ethnic Wear,95802.7,245990.26,370729.09,19,95802.7,164852.44,-41.9
MNT-0381,Delhi Footwear House,Footwear,95072.91,152791.02,308641.79,23,95072.91,60502.14,57.1
MNT-0398,Mumbai Ethnic Bazaar,Ethnic Wear,94994.72,207025.48,289997.63,25,94994.72,114615.41,-17.1
MNT-0478,Delhi Western House,Western Wear,93658.3,185815.17,270867.67,27,93658.3,95750.55,-2.2
MNT-0293,Delhi Sports House,Sports,93423.56,194646.54,308834.05,33,93423.56,104827.03,-10.9
MNT-0138,Chennai Footwear Trends,Footwear,93336.52,181166.44,310976.48,23,93336.52,89612.38,4.2
MNT-0263,Mumbai Ethnic Trends,Ethnic Wear,92859.8,172006.33,286260.66,26,92859.8,87024.92,6.7
MNT-0251,Delhi Western Mart,Western Wear,92633.1,158272.09,209509.13999999998,27,92633.1,67282.8,37.7
MNT-0087,Mumbai Western Studio,Western Wear,92101.73,158618.59,232799.57,23,92101.73,66516.86,38.5
MNT-0375,Chennai Ethnic Studio,Ethnic Wear,91180.35,202750.65,298223.69,23,91180.35,112430.06,-18.9
MNT-0137,Chennai Sports Mart,Sports,91086.48,170372.67,302641.27,33,91086.48,80155.28,13.6
MNT-0043,Kolkata Western Studio,Western Wear,91052.19,205340.71,322787.95,28,91052.19,124452.37,-26.8
MNT-0117,Chennai Western Hub,Western Wear,91017.87,182331.73,260425.4,28,91017.87,93220.62,-2.4
MNT-0368,Kolkata Western House,Western Wear,90057.9,138807.04,229825.63,26,90057.9,55908.58,61.1
MNT-0256,Mumbai Western Studio,Western Wear,89969.91,180311.99,290913.72,36,89969.91,90342.08,-0.4
MNT-0331,Bengaluru Western Trends,Western Wear,89396.06,176609.64,254148.42,30,89396.06,92017.44,-2.8
MNT-0372,Mumbai Ethnic Emporium,Ethnic Wear,89127.93,204604.63,321735.36,20,89127.93,123369.12,-27.8
MNT-0230,Bengaluru Ethnic Hub,Ethnic Wear,89081.65,207494.52,321752.41,27,89081.65,125164.14,-28.8
MNT-0448,Kolkata Western Studio,Western Wear,89038.97,170544.79,251065.36,30,89038.97,81505.81999999999,9.2
MNT-0416,Surat Ethnic Collection,Ethnic Wear,88910.49,217990.25,305534.41,25,88910.49,129079.76,-31.1
MNT-0405,Surat Sports Collection,Sports,88799.53,197328.52,285605.85,29,88799.53,109221.69,-18.7
MNT-0188,Surat Ethnic Bazaar,Ethnic Wear,88535.17,160616.45,256784.07,22,88535.17,85528.98,3.5
MNT-0007,Delhi Western Collection,Western Wear,88164.84,178695.79,293489.42,27,88164.84,90530.95,-2.6
MNT-0259,Mumbai Ethnic Trends,Ethnic Wear,87833.38,159606.48,230326.84,23,87833.38,74923.39,17.2
MNT-0312,Mumbai Footwear Trends,Footwear,87386.7,205687.64,301179.13,26,87386.7,118300.94,-26.1
MNT-0244,Mumbai Footwear Trends,Footwear,86249.66,147442.88,226271.49,19,86249.66,61193.22,40.9
MNT-0118,Delhi Western Mart,Western Wear,86242.24,169044.11,240697.13,31,86242.24,84231.88,2.4
MNT-0135,Mumbai Western Collection,Western Wear,85783.88,157827.21,261332.63,32,85783.88,72867.49,17.7
MNT-0271,Delhi Ethnic Bazaar,Ethnic Wear,84631.15,180543.94,264399.93,26,84631.15,101034.22,-16.2
MNT-0469,Bengaluru Ethnic Trends,Ethnic Wear,84621.81,157001.91,252429.87,21,84621.81,85770.18000000001,-1.3
MNT-0458,Bengaluru Footwear Hub,Footwear,84491.7,212836.61000000002,261813.11000000002,32,84491.7,128344.91,-34.2
MNT-0150,Mumbai Ethnic Emporium,Ethnic Wear,84434.70999999999,133420.55,216331.82,20,84434.70999999999,48985.840000000004,72.4
MNT-0065,Chennai Western Mart,Western Wear,84128.21,146048.59,203014.62,25,84128.21,61920.38,35.9
MNT-0479,Bengaluru Western Trends,Western Wear,83524.16,205194.23,271169.07,30,83524.16,124080.86,-32.7
MNT-0046,Delhi Accessories Hub,Accessories,83267.3,140100.5,210987.49,63,83267.3,57593.12,44.6
MNT-0086,Bengaluru Ethnic Studio,Ethnic Wear,82144.31999999999,141627.41,217250.25,18,82144.31999999999,64786.84,26.8
MNT-0144,Mumbai Western Mart,Western Wear,82085.79000000001,180381.2,234360.28,29,82085.79000000001,109261.48,-24.9
MNT-0096,Delhi Western Emporium,Western Wear,81801.27,200052.09,283179.39,32,81801.27,120419.19,-32.1
MNT-0460,Bengaluru Western Trends,Western Wear,80891.06,127349.68000000001,171388.46,25,80891.06,46458.62,74.1
MNT-0363,Kolkata Ethnic Hub,Ethnic Wear,80691.0,155321.54,242582.23,19,80691.0,74630.54,8.1
MNT-0185,Bengaluru Accessories Studio,Accessories,80488.39,154214.4,266348.51,77,80488.39,75784.91,6.2
MNT-0274,Kolkata Western Collection,Western Wear,80172.42,185257.27,294237.26,30,80172.42,107847.88,-25.7
MNT-0250,Kolkata Footwear Collection,Footwear,79414.86,155442.29,255009.89,22,79414.86,90643.11,-12.4
MNT-0297,Mumbai Sports House,Sports,78957.01,132282.99,204403.69,29,78957.01,53325.98,48.1
MNT-0472,Mumbai Footwear Trends,Footwear,78647.64,136336.3,179435.22,11,78647.64,57688.66,36.3
MNT-0397,Delhi Accessories Hub,Accessories,78514.64,126506.38,190838.66,60,78514.64,51817.55,51.5
MNT-0012,Kolkata Sports Collection,Sports,78172.23,139689.48,214316.12,27,78172.23,70499.25,10.9
MNT-0240,Delhi Ethnic Hub,Ethnic Wear,77296.27,205883.11000000002,308846.07,19,77296.27,130405.39,-40.7
MNT-0462,Delhi Ethnic House,Ethnic Wear,76218.83,151597.11,231590.72,23,76218.83,84790.43,-10.1
MNT-0170,Delhi Sports Hub,Sports,75785.41,137315.35,194254.76,28,75785.41,61529.94,23.2
MNT-0474,Surat Ethnic House,Ethnic Wear,75768.18000000001,145506.86000000002,231564.39,17,75768.18000000001,71852.92,5.4
MNT-0114,Surat Western Hub,Western Wear,75416.16,162097.25,271157.61,27,75416.16,86681.09,-13.0
MNT-0026,Delhi Ethnic Collection,Ethnic Wear,75268.33,166885.86000000002,272571.58,21,75268.33,92949.25,-19.0
MNT-0064,Bengaluru Western Studio,Western Wear,75147.22,116896.55,178585.12,18,75147.22,44552.53,68.7
MNT-0265,Surat Sports Trends,Sports,74503.94,150229.37,232770.85,26,74503.94,82456.31,-9.6
MNT-0369,Mumbai Ethnic House,Ethnic Wear,74314.82,150302.13,188388.45,19,74314.82,75987.31,-2.2
MNT-0385,Mumbai Footwear House,Footwear,73868.67,120429.43000000001,174540.28,17,73868.67,51055.3,44.7
MNT-0357,Chennai Western Collection,Western Wear,73586.1,124990.25,205173.42,24,73586.1,52709.0,39.6
MNT-0253,Delhi Footwear House,Footwear,73565.05,127964.04,193115.79,16,73565.05,57091.44,28.9
MNT-0034,Chennai Footwear Studio,Footwear,72974.56,243877.37,399340.21,27,72974.56,176720.9,-58.7
MNT-0101,Bengaluru Sports Hub,Sports,72679.36,147203.1,204670.53,27,72679.36,74523.74,-2.5
MNT-0392,Surat Ethnic House,Ethnic Wear,72371.91,152663.05,279244.63,15,72371.91,80291.14,-9.9
MNT-0013,Mumbai Western House,Western Wear,71678.57,171160.41,232533.17,19,71678.57,99481.84,-27.9
MNT-0380,Bengaluru Western Studio,Western Wear,71379.64,152314.11000000002,258388.8,22,71379.64,87457.44,-18.4
MNT-0223,Mumbai Western Trends,Western Wear,69919.84,131163.98,252699.41,25,69919.84,61244.14,14.2
MNT-0299,Chennai Accessories House,Accessories,69706.98,149031.86,211537.89,60,69706.98,87416.52,-20.3
MNT-0453,Delhi Western Trends,Western Wear,69048.48,139619.37,183826.15,24,69048.48,70570.89,-2.2
MNT-0423,Bengaluru Ethnic Trends,Ethnic Wear,67675.2,129338.98999999999,230629.09,22,67675.2,63604.63,6.4
MNT-0248,Delhi Footwear House,Footwear,66897.02,220118.95,327746.52999999997,18,66897.02,153221.93,-56.3
MNT-0446,Delhi Western Hub,Western Wear,66803.31,158797.02,207214.94,26,66803.31,96425.01,-30.7
MNT-0053,Mumbai Accessories Bazaar,Accessories,66507.7,116442.86,157186.08,55,66507.7,51941.86,28.0
MNT-0241,Mumbai Accessories House,Accessories,66046.46,113074.85,163509.14,54,66046.46,49223.67,34.2
MNT-0323,Delhi Ethnic Bazaar,Ethnic Wear,65808.0,157237.93,213712.6,14,65808.0,91429.93000000001,-28.0
MNT-0023,Mumbai Sports Studio,Sports,65770.78,75433.38,127554.68,19,65770.78,9662.6,580.7
MNT-0430,Chennai Accessories Bazaar,Accessories,64801.03,128351.28,185917.77,54,64801.03,66614.24,-2.7
MNT-0342,Kolkata Sports Collection,Sports,64585.76,150873.78,213736.88,22,64585.76,87052.2,-25.8
MNT-0280,Kolkata Accessories Studio,Accessories,64462.28,118149.09,183786.48,56,64462.28,58136.01,10.9
MNT-0343,Bengaluru Accessories Mart,Accessories,64338.47,125211.63,196737.53,47,64338.47,65007.82,-1.0
MNT-0452,Delhi Accessories Hub,Accessories,63879.979999999996,157294.66,237419.36,64,63879.979999999996,93414.68000000001,-31.6
MNT-0152,Surat Accessories Bazaar,Accessories,63577.36,137617.14,200083.04,53,63577.36,75035.85,-15.3
MNT-0048,Mumbai Ethnic Mart,Ethnic Wear,63569.57,93942.07,192621.76,13,63569.57,35489.5,79.1
MNT-0492,Chennai Western Bazaar,Western Wear,63569.54,147553.08,227344.33,23,63569.54,93668.56,-32.1
MNT-0246,Bengaluru Accessories Emporium,Accessories,63493.93,121110.9,172742.53,55,63493.93,57616.97,10.2
MNT-0370,Mumbai Accessories House,Accessories,63347.07,101493.75,148661.56,46,63347.07,38146.68,66.1
MNT-0407,Bengaluru Ethnic Bazaar,Ethnic Wear,63158.86,157523.03,242526.56,20,63158.86,105017.95,-39.9
MNT-0378,Delhi Footwear House,Footwear,62882.2,173455.77,235642.11000000002,14,62882.2,129711.53,-51.5
MNT-0119,Mumbai Footwear Mart,Footwear,62822.7,182694.05,301111.72,21,62822.7,121308.7,-48.2
MNT-0351,Mumbai Western Mart,Western Wear,62753.74,117028.51,195693.54,24,62753.74,55370.65,13.3
MNT-0334,Chennai Accessories Emporium,Accessories,61186.35,123617.22,171539.32,54,61186.35,64391.9,-5.0
MNT-0421,Mumbai Western Bazaar,Western Wear,61137.56,106520.44,174101.78,21,61137.56,45382.88,34.7
MNT-0466,Bengaluru Western House,Western Wear,61073.53,136146.65,190165.27,20,61073.53,75073.12,-18.6
MNT-0018,Chennai Ethnic Studio,Ethnic Wear,60785.53,107767.61,182090.13,16,60785.53,48334.59,25.8
MNT-0409,Delhi Ethnic Collection,Ethnic Wear,60086.38,110348.05,159361.33,14,60086.38,50261.67,19.5
MNT-0298,Mumbai Accessories Collection,Accessories,59708.29,119100.19,164674.39,52,59708.29,59391.9,0.5
MNT-0467,Surat Western Bazaar,Western Wear,59438.23,136621.98,238167.83000000002,24,59438.23,88004.0,-32.5
MNT-0346,Surat Accessories Bazaar,Accessories,59234.28,139587.94,181887.98,51,59234.28,80353.66,-26.3
MNT-0173,Surat Ethnic Hub,Ethnic Wear,59002.83,103822.96,187256.67,16,59002.83,49324.479999999996,19.6
MNT-0226,Mumbai Sports Mart,Sports,58707.32,121966.34,218560.59,21,58707.32,63704.9,-7.8
MNT-0110,Delhi Sports Bazaar,Sports,58327.38,156437.05,253975.19,24,58327.38,100003.19,-41.7
MNT-0115,Delhi Ethnic Studio,Ethnic Wear,58092.28,116161.67,227063.26,15,58092.28,58069.39,0.0
MNT-0327,Bengaluru Accessories Bazaar,Accessories,57688.15,112268.59,165547.71,48,57688.15,57506.17,0.3
MNT-0451,Bengaluru Ethnic Emporium,Ethnic Wear,57660.28,125257.7,181630.22,16,57660.28,67597.42,-14.7
MNT-0123,Surat Ethnic Mart,Ethnic Wear,57599.22,181805.4,236460.2,18,57599.22,124206.18,-53.6
MNT-0220,Surat Footwear House,Footwear,57575.89,119541.6,161950.41,13,57575.89,66498.08,-13.4
MNT-0168,Surat Accessories Emporium,Accessories,56957.0,109350.82,156164.27,49,56957.0,54083.23,5.3
MNT-0199,Chennai Ethnic Mart,Ethnic Wear,56357.909999999996,91951.66,128128.4,18,56357.909999999996,36503.1,54.4
MNT-0267,Mumbai Ethnic Studio,Ethnic Wear,55119.04,105348.93,145335.02,16,55119.04,51684.24,6.6
MNT-0302,Delhi Ethnic House,Ethnic Wear,54317.05,144713.36000000002,228914.3,15,54317.05,90396.31,-39.9
MNT-0403,Mumbai Accessories Studio,Accessories,52845.82,92121.88,152867.55,42,52845.82,40657.74,30.0
MNT-0408,Mumbai Accessories Studio,Accessories,51746.05,118412.31,172040.55,49,51746.05,70205.47,-26.3
MNT-0052,Mumbai Ethnic Bazaar,Ethnic Wear,51150.99,107924.17,165911.87,11,51150.99,56773.18,-9.9
MNT-0181,Mumbai Accessories Studio,Accessories,51082.909999999996,101999.82,154122.79,42,51082.909999999996,56763.05,-10.0
MNT-0432,Delhi Accessories Mart,Accessories,50477.54,89997.51,111932.35,40,50477.54,39519.97,27.7
MNT-0085,Surat Ethnic House,Ethnic Wear,50249.91,145257.88,191392.11,13,50249.91,95007.97,-47.1
MNT-0348,Chennai Ethnic Emporium,Ethnic Wear,50184.94,96660.32,193929.42,14,50184.94,46475.38,8.0
MNT-0383,Surat Accessories Hub,Accessories,49836.98,103623.62,124583.61,47,49836.98,53786.64,-7.3
MNT-0100,Bengaluru Sports House,Sports,48484.69,86556.09,141353.94,22,48484.69,38071.4,27.4
MNT-0010,Mumbai Footwear Studio,Footwear,47396.51,113624.41,174989.69,12,47396.51,68745.2,-31.1
MNT-0252,Delhi Accessories Mart,Accessories,47083.73,94109.42,149112.2,41,47083.73,47907.69,-1.7
MNT-0333,Delhi Western Bazaar,Western Wear,47078.67,96299.5,143502.41,13,47078.67,58841.4,-20.0
MNT-0321,Mumbai Sports Trends,Sports,46892.770000000004,100919.91,167560.26,16,46892.770000000004,54677.82,-14.2
MNT-0447,Chennai Sports Emporium,Sports,46679.01,116605.59,189290.45,18,46679.01,69926.58,-33.2
MNT-0470,Mumbai Footwear House,Footwear,46637.66,87396.52,140031.14,13,46637.66,49299.35,-5.4
MNT-0130,Kolkata Western Bazaar,Western Wear,45150.57,101771.35,157778.31,16,45150.57,56620.78,-20.3
MNT-0428,Kolkata Accessories Collection,Accessories,44980.47,98947.47,152608.95,41,44980.47,55246.77,-18.6
MNT-0126,Delhi Footwear Bazaar,Footwear,44084.95,139112.25,219436.29,13,44084.95,95027.3,-53.6
MNT-0178,Bengaluru Sports Collection,Sports,44029.35,83731.09,115541.4,15,44029.35,39701.74,10.9
MNT-0209,Delhi Ethnic House,Ethnic Wear,43671.31,151639.45,199483.25,13,43671.31,111061.7,-60.7
MNT-0300,Chennai Western Hub,Western Wear,43090.64,85396.79,125643.15,16,43090.64,48021.9,-10.3
MNT-0445,Delhi Ethnic Mart,Ethnic Wear,42906.99,82099.96,158778.08,13,42906.99,53052.15,-19.1
MNT-0213,Kolkata Ethnic Mart,Ethnic Wear,42194.83,95542.8,200962.18,9,42194.83,53347.97,-20.9
MNT-0260,Bengaluru Western Hub,Western Wear,41886.4,136147.91,205053.08,14,41886.4,95496.54,-56.1
MNT-0056,Mumbai Accessories Bazaar,Accessories,41622.95,81156.58,130758.58,42,41622.95,42409.04,-1.9
MNT-0139,Kolkata Accessories Mart,Accessories,40619.74,90406.29,135192.22,35,40619.74,54467.75,-25.4
MNT-0289,Kolkata Footwear Hub,Footwear,39576.19,112256.92,154144.4,11,39576.19,78669.04,-49.7
MNT-0206,Bengaluru Ethnic Emporium,Ethnic Wear,39468.02,107377.4,133390.46,12,39468.02,67909.38,-41.9
MNT-0306,Mumbai Footwear Trends,Footwear,38857.9,93942.35,142467.29,13,38857.9,55084.45,-29.5
MNT-0151,Delhi Accessories Bazaar,Accessories,38426.25,64745.36,102451.72,32,38426.25,32044.1,19.9
MNT-0367,Kolkata Accessories Bazaar,Accessories,38395.85,76193.99,113123.86,37,38395.85,38472.13,-0.2
MNT-0158,Delhi Western Studio,Western Wear,38315.38,108471.58,173195.03,15,38315.38,71645.3,-46.5
MNT-0491,Bengaluru Western Bazaar,Western Wear,36689.6,148480.62,274139.66,12,36689.6,111791.02,-67.2
MNT-0080,Delhi Accessories House,Accessories,36114.24,67876.69,102451.54,38,36114.24,31762.45,13.7
MNT-0390,Chennai Accessories Emporium,Accessories,36110.92,69815.17,112256.29,32,36110.92,36222.16,-0.3
MNT-0489,Delhi Western Mart,Western Wear,35363.72,97653.06,166489.09,14,35363.72,62289.34,-43.2
MNT-0194,Delhi Accessories House,Accessories,34991.13,58647.88,98688.95,29,34991.13,25251.24,38.6
MNT-0072,Kolkata Footwear Studio,Footwear,34628.56,111646.91,212018.63999999998,12,34628.56,77018.35,-55.0
MNT-0179,Mumbai Accessories Studio,Accessories,34378.45,74802.88,138595.3,32,34378.45,42908.16,-19.9
MNT-0042,Bengaluru Accessories Hub,Accessories,33816.98,59066.49,94204.07,29,33816.98,25249.510000000002,33.9
MNT-0014,Delhi Accessories Hub,Accessories,33334.37,60109.63,90260.87,26,33334.37,28840.01,15.6
MNT-0278,Mumbai Footwear Trends,Footwear,33291.4,104590.12,172322.56,12,33291.4,71298.72,-53.3
MNT-0434,Kolkata Accessories Bazaar,Accessories,33182.31,51639.6,88485.81,32,33182.31,18457.29,79.8
MNT-0450,Delhi Western House,Western Wear,33172.36,97440.12,133859.45,12,33172.36,67590.06999999999,-50.9
MNT-0488,Mumbai Ethnic Trends,Ethnic Wear,33045.44,61947.4,104890.31,12,33045.44,28901.96,14.3
MNT-0238,Delhi Accessories Bazaar,Accessories,32185.94,76176.77,92973.2,31,32185.94,45196.72,-28.8
MNT-0019,Mumbai Accessories Studio,Accessories,31786.24,60705.95,78919.56,25,31786.24,28919.71,9.9
MNT-0329,Kolkata Western Trends,Western Wear,31745.949999999997,90993.3,130295.84,9,31745.949999999997,59247.35,-46.4
MNT-0338,Surat Western Emporium,Western Wear,29516.95,63585.86,88491.62,9,29516.95,34068.91,-13.4
MNT-0001,Chennai Accessories Hub,Accessories,27642.75,48085.0,66165.0,19,27642.75,20442.25,35.2
MNT-0358,Kolkata Accessories House,Accessories,27421.07,67787.33,84808.2,28,27421.07,41407.55,-33.8
MNT-0459,Bengaluru Accessories Collection,Accessories,27080.97,59649.1,101484.21,22,27080.97,32568.13,-16.8
MNT-0105,Surat Accessories Emporium,Accessories,26997.4,46677.06,63920.19,19,26997.4,21606.09,25.0
MNT-0233,Mumbai Sports Hub,Sports,26673.74,69905.22,124227.64,14,26673.74,43231.48,-38.3
MNT-0190,Bengaluru Ethnic Mart,Ethnic Wear,26484.850000000002,99171.31,159863.91,6,26484.850000000002,76007.94,-65.2
MNT-0214,Surat Accessories Trends,Accessories,26220.95,39543.99,75661.94,19,26220.95,13323.04,96.8
MNT-0024,Bengaluru Accessories Mart,Accessories,25957.21,43150.56,62465.73,20,25957.21,17193.35,51.0
MNT-0436,Mumbai Ethnic Mart,Ethnic Wear,25718.88,122152.72,212738.19,7,25718.88,96433.84,-73.3
MNT-0198,Bengaluru Accessories Emporium,Accessories,25691.54,37094.95,60966.47,20,25691.54,13368.37,92.2
MNT-0325,Kolkata Accessories Studio,Accessories,25683.67,46267.92,60129.06,22,25683.67,20584.25,24.8
MNT-0305,Mumbai Accessories Hub,Accessories,24279.68,49832.229999999996,91959.6,26,24279.68,26963.18,-10.0
MNT-0025,Mumbai Accessories Trends,Accessories,23055.29,46170.66,73498.02,21,23055.29,26186.77,-12.0
MNT-0345,Mumbai Accessories Mart,Accessories,22996.35,57417.65,90793.3,19,22996.35,34421.3,-33.2
MNT-0008,Kolkata Accessories House,Accessories,22871.95,48352.52,71399.51,20,22871.95,27814.88,-17.8
MNT-0077,Surat Ethnic Collection,Ethnic Wear,22613.92,89140.69,170369.64,8,22613.92,73641.3,-69.3
MNT-0201,Delhi Accessories Bazaar,Accessories,22182.18,31951.239999999998,68415.62,23,22182.18,12570.65,76.5
MNT-0414,Surat Accessories Mart,Accessories,21792.649999999998,42683.34,56861.78,17,21792.649999999998,21551.53,1.1
MNT-0242,Mumbai Accessories Studio,Accessories,21594.42,50404.93,80302.67,22,21594.42,29995.39,-28.0
MNT-0418,Mumbai Accessories Bazaar,Accessories,20651.64,40287.89,55367.02,19,20651.64,19636.25,5.2
MNT-0061,Mumbai Western Hub,Western Wear,19370.0,74418.15,174417.28,6,19370.0,55048.15,-64.8
MNT-0406,Chennai Accessories Emporium,Accessories,18847.78,47573.36,68198.02,18,18847.78,30597.48,-38.4
MNT-0218,Mumbai Ethnic Hub,Ethnic Wear,16745.95,67904.26,124154.96,5,16745.95,51158.31,-67.3
MNT-0234,Delhi Western House,Western Wear,16528.75,44233.479999999996,100652.43,6,16528.75,34201.68,-51.7
MNT-0071,Delhi Ethnic House,Ethnic Wear,15457.35,44673.0,104224.31,3,15457.35,29215.65,-47.1
MNT-0073,Bengaluru Accessories Collection,Accessories,15120.98,30730.670000000002,47236.65,16,15120.98,15609.69,-3.1
MNT-0083,Mumbai Accessories Bazaar,Accessories,13916.35,40239.46,47253.29,15,13916.35,26323.11,-47.1
MNT-0215,Kolkata Western Trends,Western Wear,9138.61,28869.34,65506.0,3,9138.61,19730.73,-53.7
MNT-0410,Delhi Sports Trends,Sports,5384.47,25981.46,51475.06,3,5384.47,23809.74,-77.4
MNT-0295,Mumbai Accessories Studio,Accessories,4150.7300000000005,14754.55,34398.29,5,4150.7300000000005,12191.5,-66.0
MNT-0287,Kolkata Ethnic Hub,Ethnic Wear,2965.42,9785.39,63732.86,1,2965.42,7674.29,-61.4
MNT-0202,Delhi Sports Trends,Sports,1763.39,7038.99,24687.66,1,1763.39,5275.6,-66.6
MNT-0003,Surat Accessories Collection,Accessories,0.0,0.0,0.0,0,0.0,0.0,
MNT-0006,Kolkata Sports House,Sports,0.0,6418.610000000001,37601.86,0,0.0,6418.610000000001,
MNT-0037,Bengaluru Ethnic Mart,Ethnic Wear,0.0,0.0,0.0,0,0.0,0.0,
MNT-0044,Surat Ethnic Studio,Ethnic Wear,0.0,0.0,13887.04,0,0.0,0.0,
MNT-0045,Mumbai Accessories Bazaar,Accessories,0.0,12553.210000000001,33259.84,0,0.0,13682.970000000001,
MNT-0051,Bengaluru Ethnic House,Ethnic Wear,0.0,0.0,0.0,0,0.0,0.0,
MNT-0057,Delhi Footwear Studio,Footwear,0.0,0.0,0.0,0,0.0,0.0,
MNT-0066,Chennai Footwear Mart,Footwear,0.0,7377.33,48329.2,0,0.0,7377.33,
MNT-0068,Mumbai Ethnic Hub,Ethnic Wear,0.0,0.0,0.0,0,0.0,0.0,
MNT-0074,Kolkata Ethnic Bazaar,Ethnic Wear,0.0,0.0,0.0,0,0.0,0.0,
MNT-0092,Delhi Western Bazaar,Western Wear,0.0,28396.91,80757.18,0,0.0,29279.06,
MNT-0095,Mumbai Ethnic House,Ethnic Wear,0.0,0.0,0.0,0,0.0,0.0,
MNT-0104,Chennai Sports House,Sports,0.0,1707.34,23344.15,0,0.0,1707.34,
MNT-0108,Mumbai Ethnic House,Ethnic Wear,0.0,0.0,15741.15,0,0.0,0.0,
MNT-0116,Chennai Accessories House,Accessories,0.0,0.0,0.0,0,0.0,0.0,
MNT-0133,Mumbai Western Mart,Western Wear,0.0,10418.72,41769.5,0,0.0,10418.72,
MNT-0134,Delhi Ethnic Collection,Ethnic Wear,0.0,0.0,18945.62,0,0.0,0.0,
MNT-0141,Chennai Footwear Studio,Footwear,0.0,0.0,0.0,0,0.0,0.0,
MNT-0146,Kolkata Ethnic Collection,Ethnic Wear,0.0,24490.38,72616.52,0,0.0,24490.38,
MNT-0148,Bengaluru Footwear Hub,Footwear,0.0,0.0,0.0,0,0.0,0.0,
MNT-0156,Delhi Western Collection,Western Wear,0.0,27717.93,100172.69,0,0.0,31814.99,
MNT-0165,Delhi Footwear Hub,Footwear,0.0,24938.14,63244.8,0,0.0,24938.14,
MNT-0167,Kolkata Accessories Bazaar,Accessories,0.0,11005.03,39115.46,0,0.0,11005.03,
MNT-0180,Delhi Western Collection,Western Wear,0.0,19146.89,32615.3,0,0.0,19146.89,
MNT-0182,Mumbai Accessories House,Accessories,0.0,3221.14,15697.39,0,0.0,3221.14,
MNT-0203,Mumbai Footwear Trends,Footwear,0.0,0.0,21979.25,0,0.0,0.0,
MNT-0211,Surat Western Studio,Western Wear,0.0,0.0,12654.91,0,0.0,0.0,
MNT-0219,Chennai Sports Bazaar,Sports,0.0,0.0,0.0,0,0.0,0.0,
MNT-0225,Mumbai Ethnic Collection,Ethnic Wear,0.0,0.0,0.0,0,0.0,0.0,
MNT-0236,Chennai Accessories Emporium,Accessories,0.0,0.0,0.0,0,0.0,0.0,
MNT-0255,Chennai Ethnic Bazaar,Ethnic Wear,0.0,34261.48,133396.13,0,0.0,34261.48,
MNT-0257,Delhi Accessories Emporium,Accessories,0.0,0.0,0.0,0,0.0,0.0,
MNT-0262,Mumbai Accessories Hub,Accessories,0.0,0.0,0.0,0,0.0,0.0,
MNT-0270,Bengaluru Ethnic Hub,Ethnic Wear,0.0,0.0,0.0,0,0.0,0.0,
MNT-0275,Mumbai Western House,Western Wear,0.0,0.0,0.0,0,0.0,0.0,
MNT-0279,Kolkata Accessories Bazaar,Accessories,0.0,0.0,2934.58,0,0.0,0.0,
MNT-0291,Mumbai Accessories Collection,Accessories,0.0,0.0,2956.5899999999997,0,0.0,0.0,
MNT-0301,Chennai Accessories Bazaar,Accessories,0.0,4109.77,26792.2,0,0.0,4109.77,
MNT-0310,Surat Ethnic Mart,Ethnic Wear,0.0,0.0,0.0,0,0.0,0.0,
MNT-0311,Mumbai Footwear Bazaar,Footwear,0.0,0.0,0.0,0,0.0,0.0,
MNT-0320,Delhi Sports Emporium,Sports,0.0,0.0,0.0,0,0.0,0.0,
MNT-0326,Mumbai Western Emporium,Western Wear,0.0,0.0,0.0,0,0.0,0.0,
MNT-0337,Chennai Ethnic Collection,Ethnic Wear,0.0,0.0,0.0,0,0.0,0.0,
MNT-0347,Delhi Sports Bazaar,Sports,0.0,0.0,0.0,0,0.0,0.0,
MNT-0352,Mumbai Ethnic Emporium,Ethnic Wear,0.0,14837.16,52107.24,0,0.0,14837.16,
MNT-0359,Delhi Footwear Studio,Footwear,0.0,0.0,0.0,0,0.0,0.0,
MNT-0364,Bengaluru Ethnic Trends,Ethnic Wear,0.0,0.0,0.0,0,0.0,0.0,
MNT-0377,Delhi Sports Emporium,Sports,0.0,12237.56,46085.84,0,0.0,12237.56,
MNT-0387,Delhi Western Hub,Western Wear,0.0,0.0,0.0,0,0.0,0.0,
MNT-0396,Surat Footwear Studio,Footwear,0.0,0.0,39534.46,0,0.0,0.0,
MNT-0404,Bengaluru Ethnic Mart,Ethnic Wear,0.0,0.0,0.0,0,0.0,0.0,
MNT-0412,Kolkata Western Trends,Western Wear,0.0,0.0,0.0,0,0.0,0.0,
MNT-0420,Bengaluru Sports Collection,Sports,0.0,0.0,17077.5,0,0.0,0.0,
MNT-0425,Mumbai Western Bazaar,Western Wear,0.0,20071.68,39719.28,0,0.0,20071.68,
MNT-0441,Delhi Accessories Bazaar,Accessories,0.0,0.0,0.0,0,0.0,0.0,
MNT-0461,Bengaluru Western Bazaar,Western Wear,0.0,0.0,9069.12,0,0.0,0.0,
MNT-0480,Mumbai Footwear House,Footwear,0.0,0.0,0.0,0,0.0,0.0,
MNT-0494,Mumbai Ethnic Mart,Ethnic Wear,0.0,0.0,0.0,0,0.0,0.0,
MNT-0495,Surat Accessories Collection,Accessories,0.0,0.0,10577.88,0,0.0,0.0,
